first_name	last_name	email	Phone	Adress
Sarah	Reyes	sreyes0@ed.gov	86-(204)143-1479	7 Darwin Park
Catherine	Garrett	cgarrett1@google.com.br	48-(485)685-3252	53868 Surrey Road
Martin	Smith	msmith2@pcworld.com	254-(838)673-1161	66800 Petterle Lane
Amy	Smith	asmith3@berkeley.edu	86-(600)771-9230	28 Nova Alley
Dennis	Rose	drose4@soundcloud.com	86-(180)773-9802	6 Spaight Avenue
Lori	Hunter	lhunter5@biglobe.ne.jp	62-(472)966-5398	88 Messerschmidt Plaza
Richard	Rodriguez	rrodriguez6@ask.com	52-(713)489-7905	98587 Dakota Road
Willie	Turner	wturner7@nature.com	963-(745)652-1933	0274 Burrows Trail
Stephen	Jacobs	sjacobs8@cnet.com	86-(357)662-2435	5536 Bartillon Park
Alice	Garcia	agarcia9@ted.com	98-(226)145-0326	9469 Memorial Parkway
Katherine	Marshall	kmarshalla@reverbnation.com	62-(579)715-2148	9 Lawn Street
Sara	Wilson	swilsonb@digg.com	380-(340)686-6387	65295 Merrick Road
Andrea	Cunningham	acunninghamc@epa.gov	62-(368)437-4680	10206 Graceland Point
Tina	Mendoza	tmendozad@samsung.com	62-(310)135-6448	4 Elka Park
Jonathan	Scott	jscotte@fotki.com	351-(822)544-7829	246 Helena Street
Jose	Harper			
Benjamin	Andrews	bandrewsg@pen.io	98-(786)327-0745	5286 Redwing Lane
Lawrence	Patterson	lpattersonh@wikipedia.org	51-(187)190-9462	12 Fairfield Way
Douglas	Hudson	dhudsoni@whitehouse.gov	229-(691)665-5885	22505 Waywood Hill
Anne	Ortiz	aortizj@answers.com	351-(442)622-3977	47084 Ridgeway Trail
Alice	Brooks	abrooksk@usda.gov	46-(682)766-4593	9788 Myrtle Crossing
Johnny	Cooper	jcooperl@weibo.com	48-(132)905-8777	29 Dahle Center
Bruce	Long	blongm@stanford.edu	33-(766)504-9916	91 Arapahoe Junction
Marilyn	Simpson	msimpsonn@indiatimes.com	46-(742)266-0178	54968 Lien Plaza
Patricia	Knight	pknighto@apple.com	86-(570)400-7464	0440 Lindbergh Street
Charles	Baker			
Phillip	Lopez	plopezq@yandex.ru	237-(840)919-7652	587 Duke Trail
Christine	Brooks	cbrooksr@jiathis.com	66-(308)301-9773	8689 Glacier Hill Center
Howard	Cooper	hcoopers@sohu.com	48-(240)886-1602	41475 Hauk Point
Donald	Henry	dhenryt@fc2.com	507-(652)534-9116	2 Lakeland Pass
Keith	Ramos	kramosu@zimbio.com	81-(496)155-7494	9111 David Alley
Wayne	Price	wpricev@wufoo.com	420-(632)351-8416	1 Quincy Lane
George	Stone	gstonew@toplist.cz	977-(962)256-4039	65 Cherokee Circle
Clarence	Reed	creedx@nature.com	48-(281)305-6162	88540 Ronald Regan Parkway
Brian	Fernandez	bfernandezy@pinterest.com	81-(403)431-6235	702 Tennyson Court
Henry	Griffin	hgriffinz@prlog.org	48-(669)206-9752	6192 North Center
Christina	Baker	cbaker10@lycos.com	54-(506)414-2307	896 Sheridan Trail
Patrick	Marshall	pmarshall11@mapquest.com	266-(569)660-1201	6 Morning Drive
Shirley	Reed	sreed12@sina.com.cn	86-(604)883-6635	15 Birchwood Alley
Evelyn	Wilson	ewilson13@mozilla.org	55-(562)456-3480	9672 International Park
Jack	Bishop	jbishop14@smugmug.com	55-(641)467-7156	2352 Saint Paul Road
Mary	Diaz	mdiaz15@sakura.ne.jp	385-(398)863-9994	65 Eastlawn Court
Robin	Richardson	rrichardson16@adobe.com	1-(336)372-2286	4534 Hoffman Crossing
Mary	Owens	mowens17@buzzfeed.com	86-(341)243-2693	51 Hazelcrest Road
George	Austin	gaustin18@joomla.org	993-(682)110-0120	0 Bellgrove Place
Julie	Medina	jmedina19@howstuffworks.com	98-(681)373-5834	4 Claremont Road
Richard	West			
Lois	Spencer	lspencer1b@techcrunch.com	994-(764)402-8333	09 Milwaukee Park
Denise	Chapman	dchapman1c@netlog.com	62-(303)193-8778	8 Mosinee Trail
Frank	Franklin	ffranklin1d@google.nl	62-(378)540-2565	1 Buhler Plaza
Barbara	Spencer	bspencer1e@techcrunch.com	62-(905)560-3150	150 Eagan Point
Ashley	Fernandez	afernandez1f@skype.com	55-(989)521-3892	72448 Dixon Point
Gary	Burton	gburton1g@wikia.com	86-(274)436-7438	258 Rutledge Alley
Kevin	Cole	kcole1h@mit.edu	86-(611)320-8722	07 Boyd Trail
Amy	Lewis	alewis1i@geocities.com	62-(385)954-8161	74126 Pennsylvania Lane
Dorothy	Walker	dwalker1j@networkadvertising.org	63-(128)132-2098	6553 Eagan Parkway
Joyce	Jenkins	jjenkins1k@themeforest.net	62-(906)704-1713	55 Commercial Center
Denise	Fields	dfields1l@berkeley.edu	994-(556)907-0348	5850 Gina Circle
Jason	Baker	jbaker1m@chronoengine.com	359-(947)253-3764	111 4th Park
Craig	Spencer	cspencer1n@stumbleupon.com	86-(567)339-2783	31098 Lindbergh Trail
Carl	Butler	cbutler1o@geocities.com	63-(602)488-2604	45 Vahlen Plaza
Tammy	Payne	tpayne1p@newyorker.com	234-(302)789-4903	448 Cambridge Trail
Bobby	Carpenter	bcarpenter1q@phpbb.com	86-(451)312-4386	361 Anthes Alley
Amanda	Gibson	agibson1r@forbes.com	86-(416)830-0136	02197 Drewry Parkway
Dennis	Williams	dwilliams1s@hibu.com	48-(428)614-7404	21500 Bay Street
Scott	Austin	saustin1t@google.pl	30-(837)131-6373	7572 Commercial Parkway
Anna	Coleman	acoleman1u@hatena.ne.jp	265-(315)620-4410	3446 Elgar Drive
Jonathan	Ross	jross1v@tamu.edu	380-(584)763-0126	931 Hudson Hill
Adam	Mitchell	amitchell1w@privacy.gov.au	355-(623)689-1273	88 Boyd Street
Annie	Harper	aharper1x@shareasale.com	33-(630)799-4473	1 Scofield Junction
Gary	Dixon	gdixon1y@nydailynews.com	56-(926)520-6548	11919 Dawn Avenue
Dorothy	Mills	dmills1z@google.com.br	86-(709)914-1417	9 Pierstorff Court
Michael	Hughes	mhughes20@google.ru	1-(717)641-0391	8579 Anniversary Hill
Earl	Mitchell	emitchell21@purevolume.com	86-(734)415-1307	0610 Melrose Terrace
Stephen	Ray	sray22@ox.ac.uk	86-(346)217-3209	5141 Lake View Circle
Roy	Day	rday23@fc2.com	351-(730)248-7222	2225 Ramsey Plaza
Paula	Adams	padams24@dropbox.com	46-(890)180-4000	9 Lien Way
Arthur	Wells	awells25@yale.edu	358-(726)118-2065	82907 Commercial Court
Martin	Andrews	mandrews26@nasa.gov	1-(314)526-6711	3 Tony Terrace
Nicole	Ruiz	nruiz27@umich.edu	1-(248)701-1714	8029 Golf Course Center
Wanda	Mason	wmason28@loc.gov	7-(783)813-6376	1 Carpenter Trail
Rachel	Powell	rpowell29@walmart.com	33-(932)234-8195	38965 Mcbride Trail
Julie	Mcdonald	jmcdonald2a@edublogs.org	66-(417)223-9667	15 Clyde Gallagher Terrace
Maria	Rodriguez	mrodriguez2b@com.com	420-(246)149-1446	77 Talisman Street
Angela	Cooper	acooper2c@columbia.edu	55-(833)234-2356	847 Waxwing Avenue
Rachel	Cruz	rcruz2d@youku.com	55-(227)238-8805	78191 Hermina Circle
Lisa	Russell			
Jason	Fernandez	jfernandez2f@netscape.com	55-(741)776-9903	0 Lillian Lane
Charles	Welch	cwelch2g@wufoo.com	86-(196)797-2898	04794 Oak Parkway
Phyllis	Nichols	pnichols2h@e-recht24.de	62-(861)707-6065	248 Welch Court
Alice	Fernandez	afernandez2i@auda.org.au	55-(569)211-4709	186 Blackbird Park
Elizabeth	Collins	ecollins2j@chronoengine.com	380-(948)739-3068	1 Melvin Park
Frances	Kelly	fkelly2k@comsenz.com	33-(143)451-8780	6061 Warrior Park
Patricia	Williamson	pwilliamson2l@google.ru	7-(152)397-5806	267 Dwight Terrace
Lillian	Romero			
Denise	Wood	dwood2n@nhs.uk	57-(150)614-2124	1 Coleman Plaza
Ernest	Taylor	etaylor2o@pbs.org	1-(989)236-5215	46729 Rutledge Place
Robin	Ruiz	rruiz2p@reuters.com	55-(878)200-3186	1 Trailsway Court
Gregory	Kelly	gkelly2q@ihg.com	86-(850)455-7970	82 Armistice Lane
Mildred	Kelley	mkelley2r@friendfeed.com	880-(365)853-4376	00238 Meadow Ridge Point
Judy	Jackson	jjackson2s@yolasite.com	33-(852)485-9284	9 Ridgeview Way
Antonio	Gilbert	agilbert2t@friendfeed.com	223-(510)710-5750	2 Eagan Parkway
Steve	Wright	swright2u@fotki.com	55-(788)419-2859	76 Graceland Place
Kathy	Lawson	klawson2v@dailymail.co.uk	81-(428)149-1734	9741 Elmside Plaza
Martha	Black			
Chris	Holmes	cholmes2x@gov.uk	256-(605)513-7565	95702 Red Cloud Drive
Christopher	Diaz	cdiaz2y@istockphoto.com	291-(257)353-2626	40039 Hallows Lane
Peter	Edwards	pedwards2z@cbslocal.com	7-(528)238-0882	763 Judy Road
Beverly	Moore	bmoore30@mysql.com	86-(944)166-1365	8051 Fordem Lane
Thomas	Ryan	tryan31@theguardian.com	7-(593)756-2753	533 Holmberg Center
Paula	Gomez	pgomez32@over-blog.com	86-(300)198-6928	1309 Clemons Point
Scott	Cox	scox33@time.com	420-(517)111-2122	74 Rigney Road
Kelly	Coleman	kcoleman34@youku.com	86-(450)731-6358	3287 Esch Park
Donald	Reed	dreed35@theglobeandmail.com	86-(717)905-6101	8 Maywood Trail
Jeffrey	Grant	jgrant36@github.com	92-(482)493-7667	2432 Grasskamp Avenue
Kenneth	Washington	kwashington37@ibm.com	55-(493)879-6046	7 Dawn Center
Shirley	Martin	smartin38@desdev.cn	7-(870)438-5629	7941 Goodland Way
Mark	Fuller	mfuller39@princeton.edu	1-(504)235-2692	785 Dennis Park
Fred	Mendoza	fmendoza3a@livejournal.com	880-(636)145-3880	2984 Myrtle Terrace
Amy	Butler	abutler3b@twitter.com	62-(896)136-8706	21052 Bobwhite Trail
Cheryl	Mendoza	cmendoza3c@japanpost.jp	62-(522)221-2807	10874 Doe Crossing Avenue
Virginia	Brown	vbrown3d@wikimedia.org	351-(206)368-7947	3 Hayes Drive
Jack	Larson	jlarson3e@theguardian.com	62-(179)785-9187	2 Hagan Road
Diana	Washington	dwashington3f@mashable.com	225-(452)556-1224	43 Norway Maple Center
Lois	Mcdonald	lmcdonald3g@unc.edu	86-(512)450-3838	655 Ryan Pass
Carolyn	Clark	cclark3h@nhs.uk	62-(442)429-9673	87 Hansons Alley
Shawn	Oliver			
Craig	Reyes	creyes3j@opera.com	385-(217)517-0915	395 Scoville Way
Irene	Hamilton	ihamilton3k@imageshack.us	352-(127)158-1227	082 Hoffman Crossing
Sarah	Alvarez	salvarez3l@businesswire.com	358-(162)698-1966	744 1st Circle
Barbara	Mitchell	bmitchell3m@multiply.com	33-(490)431-4199	6 Hayes Avenue
Andrea	Garrett	agarrett3n@cyberchimps.com	46-(840)287-6323	4 Butterfield Center
Joan	Arnold	jarnold3o@spotify.com	51-(149)242-2823	0 Nobel Alley
Judith	Harvey			
Joseph	Turner	jturner3q@china.com.cn	86-(451)629-7655	4 Starling Way
Ruby	Wilson	rwilson3r@netlog.com	46-(970)603-4411	16 Granby Drive
Diane	Robinson	drobinson3s@usda.gov	41-(327)462-0491	97 Mcguire Crossing
Diana	Reed	dreed3t@flickr.com	48-(160)485-7273	21 Johnson Park
Joan	Cox			
Sarah	Alvarez	salvarez3v@nyu.edu	62-(879)691-4439	123 Jackson Plaza
Jason	Jacobs	jjacobs3w@oaic.gov.au	86-(496)776-2549	35083 Old Gate Crossing
Peter	Ortiz	portiz3x@sitemeter.com	48-(992)788-7188	1829 Portage Hill
Benjamin	Ross	bross3y@imageshack.us	86-(760)619-0680	315 Fallview Pass
John	Alexander	jalexander3z@dmoz.org	420-(736)526-7590	29051 Hovde Avenue
Eugene	Harris			
Jeffrey	Spencer	jspencer41@sakura.ne.jp	86-(427)985-3865	374 Hudson Street
Theresa	Wilson	twilson42@ebay.com	212-(360)504-5053	0778 Amoth Terrace
Barbara	Harrison	bharrison43@webs.com	46-(106)636-6616	8 Dixon Lane
Marie	Pierce	mpierce44@wufoo.com	7-(713)618-8720	1 Heffernan Place
William	Phillips	wphillips45@ebay.co.uk	86-(792)423-5412	490 Jenna Trail
Benjamin	Anderson	banderson46@example.com	86-(448)979-3875	299 Grasskamp Terrace
Charles	Howell	chowell47@jigsy.com	62-(434)813-7931	758 Bunker Hill Parkway
Susan	Franklin	sfranklin48@odnoklassniki.ru	86-(290)100-5785	70125 Chive Lane
Tammy	Gibson	tgibson49@tripadvisor.com	52-(717)211-9320	4 Bellgrove Hill
Nicole	Ruiz			
Susan	Pierce	spierce4b@upenn.edu	62-(295)220-6643	451 Sheridan Alley
Emily	Nguyen	enguyen4c@ezinearticles.com	46-(262)783-5622	86 Tennessee Parkway
Lori	Gilbert	lgilbert4d@shop-pro.jp	357-(272)997-2612	5196 Fieldstone Road
Ernest	Fields	efields4e@amazon.co.jp	7-(325)138-3814	352 Loeprich Drive
Martin	Wilson	mwilson4f@cpanel.net	86-(140)917-5336	9 Del Mar Circle
Helen	Harris	hharris4g@t-online.de	57-(118)652-2496	34 Stoughton Avenue
Amanda	Fisher	afisher4h@paypal.com	86-(255)825-5403	8443 Norway Maple Circle
Russell	Hunt	rhunt4i@state.gov	374-(814)831-1193	897 Thierer Pass
Donald	Perkins	dperkins4j@dot.gov	55-(692)204-5148	868 Welch Alley
Brenda	Wheeler	bwheeler4k@facebook.com	420-(455)812-7252	1 Thackeray Place
James	Richardson	jrichardson4l@google.com.hk	51-(840)752-1877	648 Rieder Point
Jessica	Mason	jmason4m@bluehost.com	63-(148)114-9791	74 Hintze Parkway
Ruth	Duncan	rduncan4n@tinyurl.com	86-(776)889-4812	0 Forest Run Avenue
Kevin	Garcia	kgarcia4o@dailymotion.com	86-(665)197-8969	2 Green Plaza
Joan	Jackson	jjackson4p@thetimes.co.uk	7-(475)316-3379	23 Tennessee Way
Daniel	Wheeler	dwheeler4q@globo.com	94-(204)696-2607	88195 Daystar Street
Tammy	Oliver	toliver4r@home.pl	375-(157)392-1127	0672 Bluestem Center
Frank	Simpson	fsimpson4s@howstuffworks.com	45-(900)168-3134	04 Golf Avenue
Virginia	Davis	vdavis4t@businesswire.com	55-(320)546-7323	09 Delaware Parkway
Steven	Payne	spayne4u@odnoklassniki.ru	351-(594)626-4600	91 Homewood Alley
Jane	Little	jlittle4v@freewebs.com	595-(429)494-4837	6 Mayer Crossing
Donna	Rice	drice4w@uiuc.edu	7-(331)418-4282	561 Dawn Place
Janet	Wagner	jwagner4x@amazon.com	86-(165)923-3203	5 Farmco Place
Paula	Washington	pwashington4y@ovh.net	86-(943)979-6616	733 Gerald Way
Frank	Hart	fhart4z@blog.com	86-(345)499-1662	045 Westridge Alley
Betty	Miller	bmiller50@domainmarket.com	249-(510)200-1118	5 Lyons Drive
Anna	Reid	areid51@springer.com	355-(817)437-5314	70 Arapahoe Crossing
Lillian	Lawson	llawson52@bluehost.com	63-(328)821-2590	1 Hudson Point
Bonnie	Ramirez	bramirez53@purevolume.com	86-(762)926-6302	91799 Clemons Road
Sarah	Chavez	schavez54@nyu.edu	56-(488)163-3208	77 Esch Trail
Walter	Murphy	wmurphy55@multiply.com	86-(950)721-3312	9 Hauk Terrace
Heather	Weaver	hweaver56@parallels.com	86-(286)807-5427	039 Village Hill
Jesse	Gutierrez	jgutierrez57@nasa.gov	62-(641)838-5398	0 Del Mar Point
Daniel	Robertson	drobertson58@posterous.com	33-(535)874-5129	9 Cherokee Drive
Sandra	Jackson	sjackson59@nature.com	55-(615)811-3642	554 Lillian Point
Wayne	Willis	wwillis5a@shop-pro.jp	57-(276)336-3054	853 Green Ridge Crossing
Philip	Phillips	pphillips5b@rakuten.co.jp	7-(121)763-0553	3266 Straubel Street
Christina	Campbell	ccampbell5c@nsw.gov.au	62-(733)776-1456	9 Jenifer Alley
Irene	Spencer	ispencer5d@hugedomains.com	44-(115)220-2361	2387 Hazelcrest Trail
Theresa	Fowler	tfowler5e@addthis.com	86-(618)125-2331	0 Lakewood Drive
Diana	Stewart	dstewart5f@mapy.cz	212-(818)500-4018	1 Utah Hill
Kimberly	Johnston	kjohnston5g@independent.co.uk	27-(254)948-2033	88 Haas Avenue
Judith	Sullivan	jsullivan5h@sun.com	62-(205)708-9970	9 Sachs Pass
Lisa	Price	lprice5i@army.mil	355-(419)238-4481	09 Corry Terrace
Roger	Sullivan	rsullivan5j@statcounter.com	1-(700)288-7332	0 Manley Lane
Scott	Mason	smason5k@vkontakte.ru	33-(662)572-3932	51 Paget Parkway
Brandon	Cook	bcook5l@irs.gov	81-(190)195-0048	87 Kipling Court
Willie	Scott	wscott5m@so-net.ne.jp	351-(313)567-3474	64625 Westend Point
Ryan	Reid	rreid5n@cargocollective.com	598-(507)507-0843	70372 School Park
Fred	Smith	fsmith5o@berkeley.edu	7-(316)342-6096	7733 Grover Point
Melissa	Hunt	mhunt5p@macromedia.com	86-(605)706-6224	7482 Delaware Drive
Jose	Wagner			
Phillip	Stephens	pstephens5r@rediff.com	86-(626)335-8392	224 Algoma Place
Craig	Thompson	cthompson5s@dailymail.co.uk	54-(162)207-0175	7 Continental Junction
Raymond	Palmer	rpalmer5t@examiner.com	30-(231)733-6876	09 Jenna Place
Tina	Lawson	tlawson5u@census.gov	86-(875)684-6993	293 Hauk Park
Joan	Butler	jbutler5v@si.edu	84-(417)207-7790	3 Pleasure Parkway
Rebecca	Bishop	rbishop5w@behance.net	7-(808)105-6699	17736 Bellgrove Junction
Phyllis	Ford	pford5x@ifeng.com	86-(833)204-2222	6167 Bluejay Hill
Carolyn	Perry	cperry5y@cam.ac.uk	86-(774)933-4068	79576 Tennessee Center
Christopher	Larson	clarson5z@noaa.gov	62-(987)854-6464	12321 Mayfield Center
Aaron	Lane	alane60@google.ru	46-(999)245-1566	590 Parkside Circle
Johnny	Johnston	jjohnston61@drupal.org	62-(423)592-8868	369 Butternut Trail
Lori	Taylor			
Stephen	Chavez			
Debra	Lawrence			
Gary	Wagner	gwagner65@prweb.com	7-(190)930-4171	066 Bayside Drive
Fred	Meyer	fmeyer66@nifty.com	351-(455)110-7420	024 Pennsylvania Junction
Howard	White	hwhite67@cnn.com	51-(687)331-8338	885 Lake View Point
Anthony	Patterson	apatterson68@jalbum.net	63-(502)225-2167	2 Farwell Lane
Roger	Schmidt	rschmidt69@sina.com.cn	63-(694)321-5335	8 Oxford Pass
Nancy	Coleman	ncoleman6a@vinaora.com	86-(595)768-2549	3140 Lakeland Center
Brenda	Shaw			
Harold	Lane	hlane6c@nyu.edu	55-(264)498-1253	434 Montana Terrace
Frances	Edwards	fedwards6d@multiply.com	7-(753)503-1981	49242 Aberg Parkway
Brenda	Gilbert	bgilbert6e@amazon.co.uk	1-(317)360-1600	4 Prentice Center
Harold	Burton	hburton6f@livejournal.com	237-(772)356-5943	308 Laurel Avenue
Jeffrey	Gibson	jgibson6g@wunderground.com	1-(304)234-2205	5595 Bartillon Park
Virginia	Castillo	vcastillo6h@cnn.com	46-(342)678-2993	7840 Knutson Crossing
Tina	Moreno	tmoreno6i@tinyurl.com	63-(861)973-5643	93 Esch Way
Katherine	Webb	kwebb6j@theguardian.com	86-(830)204-9226	6 Rusk Center
Ruth	Coleman	rcoleman6k@youku.com	57-(996)670-6769	60 Lakewood Terrace
Debra	King	dking6l@amazon.co.uk	93-(612)704-2716	7089 Washington Alley
Martin	Bishop			
Jacqueline	Wilson	jwilson6n@cocolog-nifty.com	63-(463)258-0929	377 Riverside Park
Bobby	Reyes	breyes6o@ezinearticles.com	86-(630)325-5324	2023 Center Junction
Doris	Warren	dwarren6p@mayoclinic.com	976-(936)840-0353	39638 Pine View Center
Victor	Russell	vrussell6q@earthlink.net	46-(367)876-2936	13 Artisan Drive
Jose	Davis	jdavis6r@vimeo.com	1-(677)824-1537	5 Tomscot Alley
Arthur	Schmidt	aschmidt6s@google.cn	46-(787)999-8498	64283 Scoville Avenue
Janice	Meyer	jmeyer6t@ezinearticles.com	62-(918)980-2616	6085 Village Terrace
Keith	Bowman	kbowman6u@qq.com	62-(265)436-4369	5873 Farmco Alley
Kathleen	Robinson	krobinson6v@timesonline.co.uk	63-(417)879-3385	11 Mcbride Place
Doris	Frazier	dfrazier6w@addtoany.com	7-(714)220-1487	2662 Warbler Place
Michelle	Collins	mcollins6x@meetup.com	7-(795)149-8366	9597 Pepper Wood Avenue
Jennifer	Evans	jevans6y@cbc.ca	57-(672)206-8064	57 Westport Terrace
Irene	Chapman	ichapman6z@state.tx.us	7-(860)253-8475	0678 Green Ridge Terrace
Lawrence	Gomez	lgomez70@networksolutions.com	86-(380)634-9179	70 Hallows Parkway
Rachel	Lawrence	rlawrence71@unblog.fr	81-(376)962-5521	1011 Delaware Crossing
Sandra	Frazier	sfrazier72@washingtonpost.com	86-(745)322-5058	0 Manufacturers Alley
Kathleen	Adams	kadams73@squarespace.com	51-(339)145-2822	4979 Brickson Park Street
Jean	Lynch	jlynch74@opensource.org	216-(344)166-1193	12 Tomscot Lane
Janet	Andrews	jandrews75@smh.com.au	86-(127)801-0811	78360 Iowa Court
Chris	Lynch	clynch76@yellowpages.com	84-(454)380-3640	46055 Helena Lane
Diane	Ellis	dellis77@spiegel.de	44-(793)924-2505	695 Rutledge Avenue
Mark	Dixon	mdixon78@comsenz.com	86-(816)317-3149	6819 Autumn Leaf Road
Ann	Berry	aberry79@nasa.gov	62-(327)145-0062	287 Hooker Drive
Timothy	Holmes	tholmes7a@cnbc.com	7-(904)620-9031	2074 Melody Circle
Russell	Mendoza			
Christina	Hanson			
Harry	Dean	hdean7d@oaic.gov.au	1-(561)271-4211	9235 Rigney Crossing
Doris	Gutierrez	dgutierrez7e@hubpages.com	1-(229)995-3723	06 Sutherland Parkway
Kimberly	Diaz	kdiaz7f@sohu.com	1-(100)594-2329	6 Pennsylvania Street
Jose	Reid	jreid7g@businesswire.com	48-(853)960-8224	96937 Logan Court
Judith	Cook	jcook7h@blogger.com	81-(499)476-5081	91 Holy Cross Road
Andrea	Ray	aray7i@sbwire.com	1-(202)447-5933	9 Clarendon Lane
Chris	Torres	ctorres7j@msn.com	351-(500)884-3311	26125 Lakewood Gardens Place
Melissa	Butler	mbutler7k@merriam-webster.com	420-(545)162-3320	844 Monica Circle
Walter	Franklin	wfranklin7l@yahoo.co.jp	7-(189)677-3582	859 Hansons Lane
Walter	Hughes	whughes7m@about.me	1-(809)642-7704	0 Barby Pass
Michael	Romero			
Nancy	Stephens	nstephens7o@ameblo.jp	1-(318)933-4607	9 Fair Oaks Circle
Willie	Gomez	wgomez7p@ovh.net	44-(239)465-2257	31869 Mayfield Junction
Henry	Ramos	hramos7q@sohu.com	63-(531)596-3347	215 Hayes Plaza
Cheryl	Marshall			
Henry	Stephens	hstephens7s@ibm.com	86-(619)831-8667	8058 Bluejay Court
Jonathan	Webb	jwebb7t@meetup.com	591-(530)675-2514	39852 Mccormick Court
Helen	Hart	hhart7u@cmu.edu	55-(578)345-4245	0 Spaight Alley
Wayne	Taylor	wtaylor7v@godaddy.com	62-(749)713-5441	6 Golf Course Park
Willie	Gonzalez	wgonzalez7w@biblegateway.com	389-(235)718-2048	30 Sunfield Point
Mark	Snyder	msnyder7x@studiopress.com	256-(869)206-4240	6 Fairfield Circle
Dorothy	Foster	dfoster7y@wired.com	48-(566)400-0701	4 Crest Line Road
Carolyn	Owens	cowens7z@state.tx.us	33-(898)353-2947	76980 Evergreen Trail
Randy	Green	rgreen80@gov.uk	81-(128)893-6295	13792 Ruskin Way
Daniel	Rivera			
Ashley	Williamson	awilliamson82@sakura.ne.jp	687-(846)830-4007	30504 Sage Terrace
Jesse	Kelley	jkelley83@scribd.com	234-(992)705-9311	08 Holmberg Drive
Brenda	Hill	bhill84@spotify.com	62-(466)808-4844	6430 Summerview Terrace
Emily	Medina	emedina85@latimes.com	86-(472)617-7899	324 Sloan Alley
Clarence	Ferguson	cferguson86@ed.gov	420-(691)179-6344	77 Fremont Plaza
Timothy	Thompson	tthompson87@phpbb.com	382-(272)610-3994	141 Manufacturers Place
Craig	Duncan			
Tammy	Arnold	tarnold89@nasa.gov	966-(487)698-9875	714 Logan Alley
Jonathan	Spencer	jspencer8a@blogspot.com	7-(170)396-0778	46 Mockingbird Alley
Earl	Chavez	echavez8b@digg.com	385-(837)792-5181	485 Grim Place
Jeremy	Carr	jcarr8c@google.ca	62-(771)413-9502	6 Troy Point
Angela	Alexander	aalexander8d@csmonitor.com	63-(597)335-2130	83 Prairie Rose Road
Melissa	Evans	mevans8e@com.com	7-(354)177-4033	96 American Ash Alley
Diana	Brown			
Jerry	Carr	jcarr8g@instagram.com	33-(533)660-4371	59036 Pine View Drive
Robert	Richards	rrichards8h@jigsy.com	63-(437)382-6688	2 Jay Plaza
Harry	Hanson	hhanson8i@plala.or.jp	267-(105)205-7007	387 Sommers Lane
Harry	Gomez	hgomez8j@dropbox.com	380-(301)537-1907	5069 Victoria Drive
Bruce	Graham	bgraham8k@tinypic.com	385-(378)947-9755	058 Sunbrook Place
Paula	Hanson	phanson8l@gravatar.com	7-(482)786-9006	5 Morningstar Way
Ralph	Rice	rrice8m@nydailynews.com	51-(930)625-2456	7 School Place
Jimmy	Knight	jknight8n@nifty.com	62-(458)111-1028	733 Hazelcrest Place
Theresa	Lopez			
Sandra	Turner	sturner8p@elpais.com	351-(973)107-7283	6505 Florence Point
Craig	Butler	cbutler8q@posterous.com	63-(422)848-0242	01252 Dorton Parkway
Irene	Williamson	iwilliamson8r@irs.gov	66-(940)440-6565	58 Marquette Place
Carl	Bishop	cbishop8s@usgs.gov	967-(887)116-7295	658 Dunning Hill
Dennis	Nguyen	dnguyen8t@blogtalkradio.com	86-(112)725-1867	8765 International Drive
Antonio	Carr	acarr8u@businesswire.com	598-(234)763-9312	6 Hayes Circle
Irene	Green	igreen8v@4shared.com	62-(470)972-0396	2 Muir Trail
Roger	Jones	rjones8w@comsenz.com	976-(813)965-9734	9 Sloan Alley
Walter	Johnson	wjohnson8x@squarespace.com	244-(781)831-6654	7 Toban Parkway
Lori	Hart	lhart8y@webnode.com	48-(162)449-4177	34008 Carberry Trail
Alan	Martinez	amartinez8z@upenn.edu	63-(298)886-1163	7371 Sage Alley
Michael	King	mking90@geocities.jp	86-(192)920-4631	35720 Kingsford Center
Adam	Ford	aford91@pagesperso-orange.fr	420-(729)502-3192	6119 Bay Court
Stephanie	Hawkins	shawkins92@tmall.com	46-(912)905-2785	91274 Hayes Avenue
John	Williams			
Samuel	Garza	sgarza94@constantcontact.com	7-(541)360-1043	75 Manufacturers Park
Carlos	Ramirez	cramirez95@liveinternet.ru	994-(391)727-6325	9 Florence Hill
Stephanie	Brown	sbrown96@seesaa.net	420-(992)816-3937	5549 Cottonwood Terrace
Keith	Garza	kgarza97@engadget.com	86-(522)966-4772	33166 Comanche Drive
Robin	Fox	rfox98@livejournal.com	86-(345)407-6129	8766 Declaration Alley
Henry	Gilbert	hgilbert99@mapquest.com	383-(202)489-0942	4 Golf Hill
Jesse	Williams	jwilliams9a@themeforest.net	1-(826)392-6278	5224 New Castle Place
Bonnie	Fernandez	bfernandez9b@bizjournals.com	55-(213)784-1914	2700 Oak Valley Drive
Karen	Morris	kmorris9c@umn.edu	212-(844)652-5794	050 Charing Cross Circle
Jonathan	Carr	jcarr9d@imgur.com	33-(800)158-8676	15 Forest Run Street
Helen	Kim			
Jeremy	Larson	jlarson9f@indiatimes.com	86-(232)496-7894	62042 4th Park
Katherine	Richards	krichards9g@about.com	55-(344)895-1309	21625 Fordem Plaza
Andrew	Fowler	afowler9h@ow.ly	54-(503)899-2466	12106 Schiller Place
Jane	Jones	jjones9i@cloudflare.com	7-(881)385-0327	2750 Boyd Road
Carolyn	Fowler	cfowler9j@twitpic.com	48-(955)918-9028	49 David Place
Melissa	Russell	mrussell9k@fema.gov	55-(366)906-2061	4 Fordem Street
Larry	Burton	lburton9l@sina.com.cn	63-(358)864-3859	9055 Elmside Junction
Linda	Mccoy	lmccoy9m@fda.gov	234-(270)332-3460	60337 Barby Terrace
Bobby	Hayes			
Judy	Weaver	jweaver9o@github.io	46-(930)396-8990	2 Lighthouse Bay Parkway
Jacqueline	Rivera	jrivera9p@360.cn	84-(528)644-6638	14 Anhalt Junction
Jose	Griffin	jgriffin9q@yandex.ru	86-(716)999-3163	22 Caliangt Center
Nancy	Hudson	nhudson9r@jimdo.com	86-(903)671-1442	10377 Leroy Court
Harold	Gardner	hgardner9s@businessweek.com	81-(686)495-9879	895 Quincy Hill
Diane	Myers	dmyers9t@hhs.gov	238-(951)736-0008	92 Elmside Drive
Sean	Perkins			
Ryan	Moore	rmoore9v@creativecommons.org	86-(243)267-8276	5 Mockingbird Court
Theresa	Ramos	tramos9w@techcrunch.com	86-(707)707-5813	29 Old Gate Terrace
Christine	Vasquez	cvasquez9x@meetup.com	62-(263)657-5980	875 Elka Center
Shawn	Jordan	sjordan9y@blogspot.com	389-(267)324-2376	57647 John Wall Plaza
Albert	Johnson	ajohnson9z@hatena.ne.jp	66-(429)270-3463	265 Novick Avenue
Joshua	Perez	jpereza0@cafepress.com	355-(597)144-4278	7 Mifflin Court
Russell	Gonzales	rgonzalesa1@elpais.com	267-(842)378-5483	1 Kensington Point
Billy	Stanley	bstanleya2@technorati.com	62-(306)682-1191	06 Merrick Way
Joan	Price	jpricea3@ucla.edu	33-(673)721-5213	02770 Debs Alley
Keith	Romero			
Howard	Cunningham	hcunninghama5@creativecommons.org	81-(175)266-5202	09700 New Castle Parkway
Charles	Wright	cwrighta6@go.com	62-(443)389-3894	4301 Bartelt Point
Steve	Hansen	shansena7@hostgator.com	351-(690)519-4869	9 Tomscot Place
Ashley	Grant	agranta8@wp.com	48-(702)561-2662	65 Stuart Hill
Betty	Ray	braya9@barnesandnoble.com	55-(238)921-8926	3826 Dorton Court
Donald	Henderson	dhendersonaa@seattletimes.com	351-(239)118-5211	5 Debs Alley
Carol	Elliott	celliottab@adobe.com	33-(362)105-7251	52 Esch Alley
Jessica	Burns	jburnsac@nhs.uk	86-(269)551-6483	5 Sauthoff Avenue
Chris	Davis	cdavisad@artisteer.com	63-(391)717-4803	8 Sunnyside Point
Elizabeth	Stewart	estewartae@prweb.com	509-(207)298-0104	7353 Burning Wood Point
Jane	Adams	jadamsaf@independent.co.uk	62-(903)661-7058	80450 Grayhawk Junction
Jennifer	Little	jlittleag@nymag.com	54-(165)765-0693	7040 Butterfield Pass
Julia	Hawkins	jhawkinsah@studiopress.com	7-(539)517-3896	0 Elka Pass
Andrea	George			
Jane	Phillips	jphillipsaj@time.com	57-(329)435-6144	70 Carey Parkway
James	Kelley	jkelleyak@twitter.com	62-(841)120-0359	4 Pawling Parkway
Joseph	Watson	jwatsonal@cdbaby.com	358-(523)320-4039	15153 Havey Junction
Lois	Garcia	lgarciaam@rambler.ru	86-(845)941-3020	621 Karstens Street
Donna	Sanchez	dsanchezan@constantcontact.com	420-(124)187-5041	026 Lyons Junction
Lori	Fisher	lfisherao@ca.gov	356-(641)405-9769	2 Elgar Pass
Douglas	Fernandez	dfernandezap@google.fr	48-(424)708-3053	52872 Orin Street
Jeremy	Kim	jkimaq@unblog.fr	62-(316)621-8224	692 Westridge Road
Justin	Morris	jmorrisar@geocities.jp	62-(256)181-9077	0 Michigan Street
Jeffrey	Berry	jberryas@macromedia.com	7-(877)138-7709	46789 Ryan Junction
Brian	Ruiz	bruizat@sakura.ne.jp	46-(474)925-4907	05626 Walton Alley
Theresa	Reid	treidau@jigsy.com	420-(583)976-4325	0 Grasskamp Trail
Diane	Medina	dmedinaav@pbs.org	7-(165)739-3106	3 Dryden Lane
Harry	Thomas			
Phyllis	Hunter	phunterax@webeden.co.uk	52-(687)609-4586	97 Truax Trail
Maria	Lawrence	mlawrenceay@hubpages.com	86-(749)315-6163	95520 Bonner Avenue
Susan	Long	slongaz@plala.or.jp	86-(479)910-6085	617 Randy Avenue
Louise	Ford	lfordb0@paginegialle.it	380-(105)138-2977	77 Leroy Center
Phyllis	Schmidt	pschmidtb1@slashdot.org	86-(465)436-0847	8 Kensington Point
Martin	Stone	mstoneb2@aol.com	86-(159)312-7310	13987 Anthes Center
Donna	Shaw			
Willie	Bell			
Martin	Morrison	mmorrisonb5@squidoo.com	81-(573)290-5537	149 Hoard Crossing
Shirley	Parker	sparkerb6@altervista.org	62-(192)645-2122	84831 Fuller Pass
Marilyn	Lewis	mlewisb7@nbcnews.com	504-(516)410-5632	801 Laurel Pass
Roger	Nichols	rnicholsb8@comcast.net	7-(596)937-3177	126 North Junction
Dennis	Day	ddayb9@thetimes.co.uk	51-(959)105-7161	30100 Alpine Road
Wanda	Fox	wfoxba@yahoo.com	62-(315)129-8541	5 Arrowood Plaza
Randy	Scott	rscottbb@ted.com	226-(173)195-1014	99 Merchant Crossing
Earl	Fuller	efullerbc@gov.uk	31-(570)100-3452	2461 Walton Point
Annie	Freeman	afreemanbd@google.de	63-(908)430-2454	722 Hauk Trail
Angela	Riley	arileybe@quantcast.com	963-(486)212-2876	6 Oxford Parkway
Eric	Fox	efoxbf@symantec.com	7-(111)580-2840	28588 Londonderry Park
Janet	Hart	jhartbg@google.com.hk	599-(872)143-9064	82 Mitchell Way
Randy	Jackson	rjacksonbh@fotki.com	48-(143)899-3809	72628 Sachtjen Parkway
Elizabeth	Rose	erosebi@state.tx.us	86-(900)241-8123	784 Brentwood Hill
Jesse	Marshall	jmarshallbj@parallels.com	81-(800)619-7019	067 Anderson Plaza
Cynthia	Wagner	cwagnerbk@youku.com	237-(251)823-6778	54265 Crowley Way
Carol	Walker	cwalkerbl@ovh.net	55-(643)445-7987	7481 Donald Drive
Frank	Jordan	fjordanbm@nationalgeographic.com	351-(713)488-4319	474 Monument Trail
Roy	Watkins	rwatkinsbn@scientificamerican.com	504-(283)996-0223	8338 Chive Drive
Victor	Porter	vporterbo@noaa.gov	386-(381)729-3718	635 Armistice Road
Russell	Robertson	rrobertsonbp@sciencedirect.com	226-(117)909-9072	3 Little Fleur Center
Sean	Andrews	sandrewsbq@godaddy.com	255-(103)862-8761	942 Meadow Valley Road
Dorothy	Morrison	dmorrisonbr@usgs.gov	36-(608)855-6131	216 Ridgeway Park
Douglas	Nichols	dnicholsbs@fema.gov	351-(958)457-5467	97 Merrick Center
Christina	Dean	cdeanbt@hud.gov	593-(608)449-3101	899 Monument Terrace
Patrick	Payne	ppaynebu@ox.ac.uk	86-(581)355-6079	9 Schmedeman Plaza
Diane	George	dgeorgebv@theglobeandmail.com	371-(674)523-8552	32161 Helena Plaza
Barbara	Thompson	bthompsonbw@npr.org	63-(882)155-8165	74466 Hoard Drive
Terry	Simmons	tsimmonsbx@cnn.com	86-(744)929-3962	0 Hayes Avenue
Sean	Holmes	sholmesby@cornell.edu	55-(212)455-8155	8773 Nelson Junction
Kathleen	Richards	krichardsbz@ehow.com	51-(176)516-3810	9615 Fairview Center
Tammy	Bennett	tbennettc0@oracle.com	255-(859)216-6653	542 Golf Hill
Ann	Alvarez			
Lois	Lopez	llopezc2@liveinternet.ru	81-(938)850-9672	9103 4th Parkway
Gary	Lawson	glawsonc3@skyrock.com	680-(304)745-1809	025 Mockingbird Terrace
Fred	Gilbert	fgilbertc4@cnbc.com	62-(784)654-6284	9655 East Circle
Phyllis	Jordan	pjordanc5@businessinsider.com	63-(200)196-2831	4905 Oneill Road
Wayne	Morrison	wmorrisonc6@illinois.edu	86-(137)409-5209	39 Old Gate Avenue
Todd	Rose	trosec7@boston.com	850-(355)352-5833	299 East Point
Deborah	Snyder	dsnyderc8@kickstarter.com	62-(741)199-9390	840 Fieldstone Road
Jesse	Taylor	jtaylorc9@columbia.edu	7-(311)120-6913	661 Sutteridge Alley
Lori	Rivera	lriveraca@jalbum.net	62-(377)835-7814	70377 Russell Court
Doris	Banks			
Janice	Bennett	jbennettcc@wordpress.org	86-(694)949-9594	11642 Mockingbird Junction
Emily	Adams	eadamscd@comsenz.com	595-(535)249-6462	1107 Summit Park
Amanda	Harvey	aharveyce@prlog.org	62-(967)380-3092	4789 Bluestem Pass
Russell	Richards	rrichardscf@msu.edu	86-(181)870-2015	2 Anhalt Park
Todd	Anderson	tandersoncg@epa.gov	48-(136)464-7742	4 Bluestem Circle
Pamela	Barnes	pbarnesch@reference.com	57-(547)179-1799	64 Claremont Lane
Ernest	Edwards	eedwardsci@hp.com	63-(503)333-5376	23 Rigney Junction
Joan	Moore	jmoorecj@webnode.com	86-(483)638-7816	34 Tony Plaza
Deborah	Garcia	dgarciack@meetup.com	86-(570)803-7721	321 Sherman Terrace
Debra	Tucker	dtuckercl@domainmarket.com	502-(373)429-3076	302 Calypso Junction
Emily	Sanders	esanderscm@kickstarter.com	7-(736)928-2180	4 Springs Circle
Antonio	Wood	awoodcn@desdev.cn	507-(332)502-6492	71097 Ohio Lane
Carlos	Robertson	crobertsonco@google.ca	86-(797)423-9971	800 Del Sol Avenue
Donna	Fowler	dfowlercp@jalbum.net	54-(740)362-6017	3 Melody Pass
Billy	Hudson	bhudsoncq@businesswire.com	351-(949)966-4923	4718 Dryden Point
Julie	Kelly	jkellycr@php.net	81-(822)311-9175	88334 Sloan Lane
Emily	Knight	eknightcs@reverbnation.com	84-(758)240-3478	812 Golden Leaf Court
Gary	Garcia	ggarciact@rakuten.co.jp	46-(484)413-9094	2119 Lawn Place
Roger	Cox	rcoxcu@barnesandnoble.com	86-(517)684-1862	92 Birchwood Circle
Kenneth	Riley	krileycv@noaa.gov	355-(927)133-7502	4 Anzinger Court
Carol	Owens	cowenscw@japanpost.jp	33-(533)654-2050	43242 Graceland Place
Margaret	Gardner	mgardnercx@mayoclinic.com	86-(163)592-6852	89261 Roth Alley
Sandra	Cole	scolecy@reference.com	1-(648)398-7649	37373 Hooker Hill
Todd	Nichols	tnicholscz@domainmarket.com	63-(879)539-9784	782 Jay Park
Doris	Burns	dburnsd0@adobe.com	52-(211)455-1479	1107 Schiller Way
Steven	Reid	sreidd1@arstechnica.com	7-(615)433-9735	81 Oxford Park
Kimberly	Morris	kmorrisd2@example.com	1-(754)819-6315	58 Norway Maple Drive
Betty	Day	bdayd3@xing.com	86-(773)481-7556	2613 Spaight Park
Paul	Martinez	pmartinezd4@phpbb.com	48-(570)213-7037	696 Glendale Avenue
David	Washington	dwashingtond5@eventbrite.com	63-(865)636-5194	09973 Memorial Circle
Jerry	Garrett	jgarrettd6@hp.com	351-(327)130-7811	47 Bartillon Alley
Russell	Allen	rallend7@ustream.tv	351-(123)334-8368	1657 Hintze Road
Nicholas	Mccoy			
Keith	Meyer	kmeyerd9@whitehouse.gov	212-(791)981-5492	8 Rigney Way
Ashley	Welch	awelchda@ustream.tv	39-(416)952-3059	2 Shelley Drive
Laura	Martin	lmartindb@4shared.com	94-(889)583-8977	6675 Cody Point
Susan	Hansen			
Marilyn	Bishop	mbishopdd@engadget.com	591-(735)992-8091	5662 Bonner Park
Raymond	Graham	rgrahamde@uol.com.br	880-(814)328-6738	62 Mitchell Center
Stephen	Fields	sfieldsdf@joomla.org	228-(978)299-7085	43536 Holmberg Junction
Catherine	Moore	cmooredg@ftc.gov	86-(606)453-5885	48 Crownhardt Junction
Cynthia	Ruiz			
Margaret	Hernandez			
Jessica	Ferguson	jfergusondj@examiner.com	55-(754)614-8742	5586 Manley Terrace
Judy	Hughes	jhughesdk@geocities.jp	374-(645)421-4389	9 New Castle Plaza
Jane	Gutierrez	jgutierrezdl@odnoklassniki.ru	86-(135)715-6621	42 Morningstar Plaza
Dorothy	Perez	dperezdm@mit.edu	81-(527)718-8177	30 South Lane
Ralph	Turner			
Shirley	Burke	sburkedo@blinklist.com	33-(573)288-2023	8 Heath Avenue
Keith	Torres	ktorresdp@usa.gov	62-(989)336-7708	5 Jana Lane
Gloria	Andrews	gandrewsdq@toplist.cz	385-(471)765-2386	274 Magdeline Trail
Paul	Allen			
Patrick	Day	pdayds@dailymotion.com	994-(933)556-8672	03 Roxbury Drive
Roy	Reid	rreiddt@studiopress.com	20-(190)461-6075	776 Springs Place
Lori	Kennedy	lkennedydu@acquirethisname.com	387-(263)561-9954	06428 Dahle Parkway
Nicholas	Patterson	npattersondv@cbslocal.com	380-(687)460-4293	875 Division Parkway
Eric	Weaver	eweaverdw@msn.com	86-(498)353-8159	3 Trailsway Circle
Stephanie	Sims	ssimsdx@hatena.ne.jp	86-(150)432-2103	44 Bluestem Parkway
Charles	Nichols	cnicholsdy@taobao.com	357-(249)886-3578	7267 Rockefeller Lane
Tammy	Marshall			
Wayne	Austin	waustine0@themeforest.net	86-(845)400-6447	61002 Hallows Circle
Eugene	Cox	ecoxe1@surveymonkey.com	230-(193)562-2928	53 Prairieview Drive
Julie	Larson	jlarsone2@cafepress.com	374-(111)230-2396	65399 Claremont Trail
George	Scott	gscotte3@accuweather.com	372-(434)179-1677	48231 Sommers Plaza
Willie	Gray	wgraye4@sogou.com	86-(600)316-9374	424 Saint Paul Crossing
Mildred	Wright	mwrighte5@nydailynews.com	55-(870)640-6777	63 Carpenter Junction
David	Patterson	dpattersone6@netlog.com	62-(777)484-6391	4 Gina Pass
Amanda	Bradley	abradleye7@wufoo.com	62-(173)142-1243	6 Raven Way
Justin	Butler	jbutlere8@spotify.com	967-(386)693-3582	6 Canary Street
Alice	Baker	abakere9@arstechnica.com	1-(878)903-8801	9167 Reinke Trail
Paul	Harvey	pharveyea@kickstarter.com	1-(465)837-0672	565 Valley Edge Road
Frances	Fowler	ffowlereb@si.edu	86-(201)937-0777	185 Lukken Street
Rebecca	Chapman	rchapmanec@buzzfeed.com	86-(724)863-3639	1599 Roth Parkway
Brian	Walker	bwalkered@icq.com	351-(275)730-5109	45061 Warner Plaza
Tammy	Garcia	tgarciaee@pbs.org	7-(342)774-0076	2616 Straubel Avenue
Angela	Nelson	anelsonef@bandcamp.com	86-(469)320-2073	02340 Commercial Hill
Eugene	Day	edayeg@hao123.com	30-(539)970-5906	93937 Fulton Parkway
Dennis	Morris	dmorriseh@uol.com.br	62-(810)104-3935	5927 Bunker Hill Center
Martin	Moreno	mmorenoei@issuu.com	45-(526)360-8809	30662 Spohn Center
Cynthia	Reed	creedej@ifeng.com	98-(748)565-4204	4123 Charing Cross Way
Patricia	Chapman	pchapmanek@ovh.net	687-(553)398-2320	18772 Schiller Crossing
Stephen	Hanson	shansonel@tripod.com	380-(987)260-0046	2984 Harper Court
Louis	Lee	lleeem@theglobeandmail.com	98-(285)158-6314	1617 Algoma Crossing
Nicholas	Olson	nolsonen@ycombinator.com	963-(987)990-4229	4 Vernon Road
Anne	Fox	afoxeo@blogger.com	86-(819)771-7428	03859 Ilene Court
Susan	Shaw	sshawep@foxnews.com	62-(806)243-9606	83490 Blue Bill Park Circle
Sean	Sanchez	ssanchezeq@amazon.co.uk	62-(482)386-2457	136 Union Avenue
Cheryl	Price	cpriceer@chronoengine.com	998-(936)452-8305	2 Amoth Point
Joshua	Rice	jricees@symantec.com	33-(813)539-6457	1 Pond Court
Clarence	Meyer	cmeyeret@abc.net.au	86-(372)302-8481	9069 Dwight Hill
Evelyn	Day	edayeu@patch.com	33-(700)640-0421	98720 Ludington Pass
Gerald	Morgan	gmorganev@ebay.com	7-(801)333-0310	0700 Kensington Plaza
Frank	Payne	fpayneew@auda.org.au	86-(945)194-6188	39649 Calypso Terrace
Joshua	Jacobs	jjacobsex@disqus.com	62-(879)408-8771	1022 School Junction
Brian	Gomez	bgomezey@gov.uk	351-(447)504-6819	72375 Kipling Way
Christine	Washington	cwashingtonez@e-recht24.de	62-(883)118-9540	45426 Kingsford Park
Brenda	Hayes	bhayesf0@mtv.com	57-(752)212-0571	2840 Manitowish Terrace
Jesse	Elliott	jelliottf1@thetimes.co.uk	7-(858)700-2530	7 Sunnyside Alley
Gerald	Sullivan	gsullivanf2@opensource.org	31-(334)557-3989	64581 Heath Terrace
Johnny	Wagner	jwagnerf3@shinystat.com	7-(614)178-3933	49986 Tomscot Terrace
Joan	Peterson	jpetersonf4@amazon.de	234-(185)254-3598	150 Beilfuss Road
Beverly	Ford	bfordf5@home.pl	86-(132)603-7098	72010 Eggendart Street
Bobby	Henry	bhenryf6@posterous.com	33-(489)483-3230	12568 Trailsway Lane
Joyce	Greene	jgreenef7@issuu.com	593-(913)897-9972	317 Artisan Court
Nancy	Howard			
Joe	Gomez	jgomezf9@tuttocitta.it	7-(453)224-0801	6 Marquette Hill
Louise	Payne	lpaynefa@tinypic.com	225-(663)861-0946	231 Oneill Trail
Philip	Moreno	pmorenofb@php.net	380-(984)865-1621	65823 Northwestern Point
Kathleen	Turner	kturnerfc@illinois.edu	62-(558)652-3447	656 Hovde Avenue
Stephen	Gutierrez	sgutierrezfd@gravatar.com	502-(806)563-6459	08 Bellgrove Crossing
Patrick	Adams	padamsfe@seesaa.net	1-(973)798-3278	78216 Longview Alley
Russell	White	rwhiteff@edublogs.org	994-(364)607-6565	901 Esch Place
Jesse	Harris	jharrisfg@desdev.cn	962-(684)106-1790	718 Gina Circle
Jane	Jacobs	jjacobsfh@wufoo.com	86-(114)674-4078	5 Nobel Park
Emily	Gilbert	egilbertfi@mozilla.com	351-(734)987-9627	98 Donald Lane
Christopher	Hayes	chayesfj@fc2.com	63-(967)213-9210	4 Atwood Circle
Larry	Jenkins	ljenkinsfk@gizmodo.com	86-(577)951-3218	1445 Dryden Road
Joan	Armstrong	jarmstrongfl@marketwatch.com	55-(857)571-1161	28 Schlimgen Way
Sarah	Russell	srussellfm@prnewswire.com	86-(341)458-0513	56 Spohn Alley
Frances	Edwards	fedwardsfn@qq.com	86-(120)307-3613	858 Swallow Way
Daniel	Morris	dmorrisfo@census.gov	66-(728)311-8650	159 Truax Hill
Jane	Rose	jrosefp@whitehouse.gov	420-(885)727-0878	01469 Fallview Plaza
Nancy	Moreno	nmorenofq@devhub.com	30-(151)170-0079	92420 Hansons Alley
Justin	Warren	jwarrenfr@foxnews.com	7-(955)305-0250	3 Mccormick Lane
Thomas	Hudson	thudsonfs@last.fm	62-(980)956-3581	2725 Forster Alley
Antonio	Sanders	asandersft@economist.com	86-(109)709-9255	6245 Tennessee Court
Ann	Price			
Angela	Harrison	aharrisonfv@yellowbook.com	51-(279)531-7641	67260 Crownhardt Circle
Randy	Hawkins	rhawkinsfw@goo.ne.jp	27-(651)974-6127	9 Texas Junction
Heather	Robertson	hrobertsonfx@vimeo.com	380-(233)221-6272	0446 Reindahl Point
Antonio	Gonzalez	agonzalezfy@globo.com	375-(802)985-7449	569 Larry Terrace
Janice	Bennett	jbennettfz@accuweather.com	374-(394)320-2343	12139 Helena Hill
Diana	Mccoy	dmccoyg0@stanford.edu	351-(825)877-2298	9939 Browning Way
Katherine	Morales	kmoralesg1@prnewswire.com	81-(117)534-5380	9234 Superior Way
Matthew	Cook	mcookg2@scribd.com	505-(804)802-2421	34 Rutledge Terrace
Earl	Tucker	etuckerg3@delicious.com	62-(119)593-2401	94 Pennsylvania Way
Jeremy	Harvey			
Margaret	Price	mpriceg5@smh.com.au	62-(752)652-4642	88606 Harbort Terrace
Roy	Washington	rwashingtong6@hud.gov	86-(194)413-4730	2 Anthes Center
Nicole	Hudson	nhudsong7@nymag.com	66-(152)173-9327	25 Westend Place
Ernest	Perkins	eperkinsg8@tumblr.com	255-(356)451-1015	2 Ridgeway Crossing
Joyce	Wilson	jwilsong9@bloglovin.com	63-(519)195-5923	82975 Sloan Lane
Brandon	Wright	bwrightga@chicagotribune.com	51-(675)188-9213	31 Marcy Place
Christopher	Hall	challgb@odnoklassniki.ru	86-(602)500-5326	294 Montana Way
Deborah	Jacobs	djacobsgc@fc2.com	502-(320)797-9281	5058 Moland Court
Harry	Knight	hknightgd@macromedia.com	55-(871)399-3998	6344 Esch Road
Ryan	Coleman	rcolemange@soundcloud.com	62-(387)121-5288	7379 Hintze Road
Katherine	Hughes	khughesgf@howstuffworks.com	62-(510)846-9677	62 Esker Place
Diana	Cunningham	dcunninghamgg@wsj.com	63-(358)557-9876	052 Jana Drive
Frank	Ellis	fellisgh@npr.org	86-(141)631-4013	4 Amoth Pass
Sara	Campbell	scampbellgi@dagondesign.com	351-(654)560-6656	7570 Gulseth Crossing
Patrick	Meyer	pmeyergj@weibo.com	86-(895)646-2576	96 Dorton Parkway
Victor	Duncan	vduncangk@github.io	52-(606)745-9227	3414 Stephen Junction
Joseph	Carr	jcarrgl@aboutads.info	1-(202)696-9592	0 Iowa Avenue
Raymond	Hansen	rhansengm@slideshare.net	86-(372)129-8622	671 Anhalt Way
Daniel	Washington	dwashingtongn@squidoo.com	46-(529)624-6295	68 Dahle Way
Norma	Brown	nbrowngo@ed.gov	47-(887)424-5287	001 Eliot Way
Martha	Day	mdaygp@cisco.com	86-(501)307-0771	06440 Melby Pass
Stephanie	Stewart	sstewartgq@phpbb.com	33-(623)246-3005	359 Thierer Drive
Linda	Arnold	larnoldgr@earthlink.net	33-(371)625-0435	53556 Fisk Junction
Samuel	Carroll	scarrollgs@home.pl	55-(978)239-9141	3 Lakeland Pass
Arthur	Ross	arossgt@unc.edu	33-(302)665-8193	1702 Gerald Way
Dennis	Wright	dwrightgu@dedecms.com	55-(306)684-5283	43 Redwing Trail
Tina	Bishop	tbishopgv@wikipedia.org	248-(868)174-6406	83 Waywood Junction
Emily	Rivera	eriveragw@youku.com	86-(362)180-9005	22 Northview Plaza
Bonnie	Stone	bstonegx@blog.com	86-(446)335-2232	9 Westport Street
Steven	Greene	sgreenegy@nsw.gov.au	251-(194)289-4097	1 Bunker Hill Terrace
Ashley	Lee	aleegz@unc.edu	62-(343)231-3458	9 Pennsylvania Pass
Gerald	Cooper	gcooperh0@xing.com	880-(378)795-3218	3 Schiller Pass
Marilyn	Little			
Betty	Reyes	breyesh2@facebook.com	1-(901)372-0632	55184 Schiller Terrace
Randy	Burton	rburtonh3@unicef.org	52-(362)972-5682	8 Kropf Avenue
Jose	Myers	jmyersh4@yellowpages.com	84-(719)831-6511	3569 Kropf Junction
Annie	Bowman	abowmanh5@wikia.com	62-(520)770-7456	15 Vahlen Street
Barbara	Rogers			
Lisa	Wallace	lwallaceh7@kickstarter.com	86-(393)803-2524	10139 Sherman Park
Bonnie	Knight			
Sharon	Elliott	selliotth9@psu.edu	351-(665)720-0266	60588 Harper Park
Lillian	Diaz	ldiazha@ft.com	380-(847)996-4126	933 Rockefeller Alley
Mary	Perez	mperezhb@sciencedirect.com	57-(182)423-8059	08 Towne Junction
Jennifer	Duncan	jduncanhc@alibaba.com	86-(661)522-1525	3476 Annamark Terrace
Doris	Murray	dmurrayhd@paginegialle.it	55-(978)215-8087	7213 Larry Center
Joseph	Sanders	jsandershe@kickstarter.com	33-(412)148-3375	511 Marcy Junction
Evelyn	Jackson	ejacksonhf@washington.edu	86-(535)614-6596	8 Springs Crossing
Gerald	Brown	gbrownhg@umn.edu	62-(784)415-5465	822 Lunder Drive
Lois	Clark	lclarkhh@addthis.com	352-(145)911-0886	74568 High Crossing Lane
Dorothy	Walker	dwalkerhi@unc.edu	249-(684)643-7392	8431 Cardinal Hill
Jeremy	Ortiz	jortizhj@mapquest.com	31-(136)881-3093	86593 Dapin Trail
Terry	Henry	thenryhk@nymag.com	234-(202)223-1271	27393 Schlimgen Terrace
Phillip	Thomas	pthomashl@nba.com	86-(199)519-0602	22 Bartelt Plaza
Anna	Mendoza	amendozahm@hud.gov	66-(338)569-7827	268 Hallows Terrace
Eric	Spencer	espencerhn@amazon.co.jp	62-(409)579-9509	7742 Lake View Parkway
Joan	Matthews	jmatthewsho@stanford.edu	63-(791)141-7921	4256 Prairieview Way
Lisa	Chapman	lchapmanhp@smh.com.au	254-(565)869-2901	578 Boyd Place
Irene	Bishop	ibishophq@reference.com	242-(664)160-6189	91 Hoard Court
Johnny	Ramos	jramoshr@buzzfeed.com	972-(772)983-2537	488 Ludington Pass
Randy	Martin	rmartinhs@nps.gov	373-(487)746-3032	07 Mockingbird Park
Lisa	Anderson	landersonht@photobucket.com	86-(738)678-1148	2803 Clarendon Terrace
Janice	Ray	jrayhu@dion.ne.jp	48-(752)177-2023	43881 Clarendon Street
Michael	Adams	madamshv@symantec.com	255-(862)509-4273	826 Evergreen Place
Debra	Martin	dmartinhw@multiply.com	86-(134)362-8114	1529 Hauk Junction
Sandra	Willis	swillishx@xing.com	63-(651)568-5748	2 Anhalt Lane
Walter	Harris	wharrishy@sitemeter.com	46-(176)108-7585	72 Dorton Circle
Justin	Gomez	jgomezhz@mail.ru	48-(338)904-5996	84 Messerschmidt Circle
Maria	Cook	mcooki0@dot.gov	62-(191)955-2190	883 Stang Crossing
Sandra	Castillo	scastilloi1@engadget.com	86-(908)565-4911	5069 Anderson Street
Helen	Perez			
Fred	Wheeler	fwheeleri3@homestead.com	593-(762)753-9161	541 Artisan Terrace
Howard	Owens	howensi4@rakuten.co.jp	86-(347)369-9311	94011 Gale Junction
Shawn	Bishop	sbishopi5@amazon.co.jp	1-(195)634-0623	0943 Almo Hill
Janice	Hunter	jhunteri6@smugmug.com	86-(296)348-6690	50056 Morning Place
Douglas	Moore	dmoorei7@opensource.org	62-(310)618-2218	70059 Stang Point
Judith	Martin	jmartini8@twitpic.com	507-(614)849-1602	41 Randy Drive
Janice	Bishop	jbishopi9@e-recht24.de	86-(565)296-7824	7 Grim Place
Ronald	Black	rblackia@jiathis.com	31-(399)252-9194	4661 Graceland Parkway
Shawn	Porter	sporterib@skype.com	850-(380)731-9690	57 Evergreen Crossing
Douglas	Burke	dburkeic@theguardian.com	387-(909)451-3469	42249 American Ash Court
Wayne	Perez	wperezid@i2i.jp	54-(200)476-5379	47 Michigan Crossing
Roy	Greene	rgreeneie@nps.gov	86-(171)231-3524	07 Victoria Plaza
Laura	Cook	lcookif@un.org	46-(477)328-3760	21120 Parkside Drive
Cheryl	Simpson	csimpsonig@chronoengine.com	62-(356)814-5223	5 Northport Alley
Betty	Wilson	bwilsonih@ebay.com	62-(361)768-4652	89 Mesta Hill
Andrea	Riley			
Jacqueline	Bell	jbellij@twitter.com	86-(309)725-4247	055 Mayfield Point
Donna	Kim	dkimik@ycombinator.com	60-(920)205-4289	68 Dennis Pass
Emily	Bradley	ebradleyil@google.com.au	34-(773)445-1294	5 Carioca Trail
Marilyn	Ross	mrossim@163.com	86-(837)378-7339	1 Fisk Road
Anne	Young	ayoungin@mayoclinic.com	507-(514)754-4080	36975 5th Avenue
Walter	Perkins	wperkinsio@squarespace.com	381-(196)245-7922	462 Quincy Way
Kathryn	Duncan	kduncanip@newyorker.com	86-(435)623-7530	5 Roth Parkway
Donna	Anderson	dandersoniq@nba.com	420-(742)581-0021	6306 Forest Dale Drive
Catherine	Griffin	cgriffinir@g.co	7-(885)712-1360	578 Del Sol Circle
Diana	Hanson	dhansonis@netlog.com	593-(434)656-2427	83 Kipling Circle
Lori	Butler	lbutlerit@blinklist.com	30-(488)564-5412	42 Pond Park
Lois	Fox	lfoxiu@zimbio.com	20-(269)588-3998	85 Di Loreto Plaza
Jennifer	Freeman	jfreemaniv@pbs.org	51-(225)725-2872	57 Truax Center
Benjamin	Ramos	bramosiw@statcounter.com	63-(329)503-9789	425 Talmadge Court
Marie	Rogers	mrogersix@wp.com	86-(974)179-0509	350 Scoville Point
Douglas	Ray	drayiy@hexun.com	1-(402)983-4460	89559 Mariners Cove Pass
Rebecca	Austin			
Anthony	Jones	ajonesj0@simplemachines.org	31-(618)650-0381	223 Sunfield Crossing
Ryan	Jenkins	rjenkinsj1@ca.gov	86-(965)584-4983	45188 Columbus Terrace
Kevin	Willis	kwillisj2@tinyurl.com	359-(122)457-2913	58420 Sutherland Way
Phyllis	Hamilton	phamiltonj3@disqus.com	386-(569)269-8406	56 Shoshone Parkway
Janet	Patterson	jpattersonj4@privacy.gov.au	62-(882)957-9982	40286 Novick Plaza
Cheryl	Olson	colsonj5@w3.org	590-(696)713-0090	3030 Fieldstone Plaza
Jacqueline	Scott	jscottj6@house.gov	355-(168)862-2686	90699 Blackbird Place
Roger	Elliott	relliottj7@deliciousdays.com	62-(498)727-0172	1 Tennessee Circle
Juan	Lynch	jlynchj8@forbes.com	234-(653)245-2340	12 New Castle Point
Rose	Dean	rdeanj9@t-online.de	63-(569)841-7803	84826 Esch Drive
Kathryn	Gutierrez	kgutierrezja@vimeo.com	86-(118)110-2909	00 Weeping Birch Place
Beverly	Tucker	btuckerjb@bing.com	242-(849)498-2594	895 Ridgeway Lane
Kathy	Hall	khalljc@goodreads.com	7-(351)182-5535	7860 Kingsford Lane
Timothy	Taylor	ttaylorjd@disqus.com	48-(469)974-3012	9785 Bluejay Drive
Richard	Martinez	rmartinezje@howstuffworks.com	261-(280)346-1692	65651 Stuart Terrace
Linda	Moore	lmoorejf@cnbc.com	86-(363)830-6834	6220 Jackson Lane
Justin	Richardson	jrichardsonjg@oracle.com	55-(786)575-7799	298 Del Mar Place
Nicole	Thomas	nthomasjh@seattletimes.com	966-(690)463-2164	30 Ruskin Trail
Diane	Weaver	dweaverji@macromedia.com	63-(104)874-2318	84 Sugar Pass
Jesse	Harper	jharperjj@apache.org	46-(337)242-7898	1 Maple Lane
Wayne	Ross	wrossjk@unc.edu	81-(628)478-3471	286 8th Crossing
Gary	Castillo	gcastillojl@oakley.com	86-(850)111-7402	7 Old Shore Street
Mark	Bell	mbelljm@homestead.com	502-(218)851-2334	15 Forest Dale Pass
Ronald	Watkins	rwatkinsjn@netvibes.com	86-(699)608-3903	1 Messerschmidt Circle
Thomas	Fisher	tfisherjo@walmart.com	27-(857)836-9399	84 Old Shore Way
Harry	Morrison	hmorrisonjp@omniture.com	62-(795)241-4961	807 Monument Lane
Teresa	Gutierrez	tgutierrezjq@google.de	46-(589)662-8278	33357 Pawling Point
Joe	Stanley	jstanleyjr@shareasale.com	49-(347)485-8861	2 Spenser Crossing
Raymond	Hanson	rhansonjs@ca.gov	351-(906)291-9313	81733 Sauthoff Point
Roy	Richards	rrichardsjt@census.gov	63-(520)732-0887	8486 International Court
Henry	Reid	hreidju@hc360.com	62-(792)828-5195	5 Westend Terrace
Michael	Dixon	mdixonjv@nbcnews.com	355-(738)368-4541	8 Del Sol Pass
Marie	Richardson	mrichardsonjw@twitpic.com	233-(235)971-0652	9 Stuart Center
Linda	Palmer	lpalmerjx@imgur.com	595-(231)920-0513	01787 Forest Run Place
Michelle	Mccoy	mmccoyjy@ox.ac.uk	86-(927)919-8416	48 Kipling Hill
Barbara	Henry	bhenryjz@umich.edu	63-(847)548-7723	45353 Stephen Crossing
Charles	Foster	cfosterk0@technorati.com	51-(602)857-6531	654 Boyd Terrace
Marilyn	Sullivan	msullivank1@businessinsider.com	55-(718)710-0868	0 8th Parkway
Eric	Ruiz	eruizk2@yolasite.com	380-(811)391-3260	4193 High Crossing Trail
Barbara	Mason	bmasonk3@xinhuanet.com	63-(490)114-0885	80378 Fair Oaks Road
Karen	Coleman			
Andrea	Burke	aburkek5@imdb.com	86-(829)623-8021	1129 Sachs Parkway
Gary	Harvey	gharveyk6@booking.com	86-(864)323-4407	43817 Manitowish Crossing
George	Daniels	gdanielsk7@github.com	86-(871)192-0698	20 Atwood Alley
Sean	Gordon	sgordonk8@imageshack.us	48-(333)369-1453	55 4th Point
Ruth	Banks	rbanksk9@sakura.ne.jp	86-(104)227-6439	89725 Marquette Trail
Patrick	Sullivan			
Sara	Ellis	selliskb@ezinearticles.com	63-(289)625-0932	3752 Thackeray Center
Frank	Knight	fknightkc@istockphoto.com	7-(504)983-9545	02 Spenser Drive
Eric	Holmes	eholmeskd@patch.com	62-(416)673-0183	3 Toban Terrace
Katherine	Williamson	kwilliamsonke@seesaa.net	358-(236)127-4004	3423 Sommers Pass
Pamela	Hunter	phunterkf@sakura.ne.jp	52-(370)385-9096	58 Dorton Pass
Nicholas	Fuller	nfullerkg@japanpost.jp	385-(917)333-6715	41 Pawling Drive
Wanda	Nguyen			
Earl	Payne	epayneki@indiatimes.com	30-(840)237-3177	613 Arrowood Point
Randy	Arnold	rarnoldkj@cnet.com	46-(450)640-3644	47 Maryland Park
Randy	Hanson	rhansonkk@reuters.com	86-(372)114-7372	439 Scoville Street
Scott	Kennedy	skennedykl@twitter.com	992-(525)791-2360	2 Lyons Center
Jack	Stone	jstonekm@cnbc.com	46-(135)995-0663	4 Gateway Place
Louise	Graham	lgrahamkn@usnews.com	86-(833)251-6049	038 Hoffman Hill
Anthony	Wallace	awallaceko@ucla.edu	86-(101)916-4602	87 Express Road
Wayne	Ramos	wramoskp@mysql.com	52-(727)901-7086	061 Riverside Place
Anne	Williams	awilliamskq@qq.com	81-(747)314-3595	5 Nancy Avenue
Ryan	Barnes	rbarneskr@dmoz.org	56-(693)845-1092	92932 Morning Court
Jean	Burton	jburtonks@livejournal.com	387-(820)259-5838	510 Lotheville Terrace
Ryan	Wright			
Robert	Hill			
Charles	Shaw	cshawkv@hibu.com	504-(962)268-2294	628 Anzinger Lane
Amanda	Elliott	aelliottkw@blogtalkradio.com	389-(979)178-9943	97907 Ilene Alley
Harold	Carroll	hcarrollkx@usnews.com	62-(266)697-6238	7 Northview Point
Rachel	Long	rlongky@gravatar.com	351-(929)580-2249	7 School Avenue
Carl	Gomez	cgomezkz@ft.com	62-(879)720-8573	656 Monument Road
Aaron	Brooks	abrooksl0@themeforest.net	351-(568)632-0454	2 Sunbrook Pass
Doris	Flores	dfloresl1@economist.com	48-(616)271-7031	1 Summer Ridge Road
Beverly	Taylor	btaylorl2@ocn.ne.jp	7-(325)968-0993	770 Stephen Junction
Mark	Perez	mperezl3@mozilla.com	63-(856)540-5229	16015 Bunting Place
Arthur	George	ageorgel4@un.org	86-(732)185-8607	9 Erie Way
Ann	Hart	ahartl5@moonfruit.com	261-(775)262-9826	9750 Algoma Plaza
Paula	Diaz	pdiazl6@g.co	62-(178)908-5852	37 Kingsford Trail
Andrew	Ramos	aramosl7@tiny.cc	86-(171)442-5943	795 Stephen Parkway
Todd	Meyer	tmeyerl8@photobucket.com	20-(812)332-3526	29 Sutteridge Street
Christopher	Kennedy	ckennedyl9@newyorker.com	66-(443)969-0723	2 Warner Terrace
Thomas	Wood	twoodla@usda.gov	55-(890)347-4166	0574 La Follette Junction
Steven	Washington	swashingtonlb@yale.edu	62-(706)209-4860	4431 Hermina Plaza
Willie	Medina	wmedinalc@godaddy.com	33-(494)950-1753	70431 Main Hill
Steve	Long	slongld@skype.com	7-(480)134-0992	1528 Northview Drive
Emily	Gordon	egordonle@ehow.com	86-(660)433-2383	419 Lindbergh Pass
Paula	Fowler	pfowlerlf@psu.edu	52-(705)813-9577	4719 Melrose Avenue
Mildred	Ross	mrosslg@nature.com	267-(749)517-7385	22 Homewood Lane
Kimberly	Anderson	kandersonlh@virginia.edu	86-(523)895-4183	66772 Larry Center
Marilyn	Carpenter	mcarpenterli@plala.or.jp	7-(463)520-6620	37 Carberry Avenue
Catherine	Howard	chowardlj@opera.com	46-(873)126-0919	07 Cardinal Parkway
Sharon	Castillo	scastillolk@bravesites.com	54-(395)831-2101	7539 Crowley Road
Julia	Young	jyoungll@homestead.com	86-(844)869-0750	57 Fairview Plaza
Paul	Hall	phalllm@cafepress.com	1-(915)356-7974	00 Schmedeman Terrace
Christine	Roberts	crobertsln@free.fr	62-(111)464-8944	69452 Maywood Park
Brenda	Brown	bbrownlo@disqus.com	33-(994)637-8280	22 Hoffman Alley
Nancy	Garza	ngarzalp@posterous.com	86-(985)521-6233	0870 Mallard Plaza
Earl	Cruz	ecruzlq@trellian.com	36-(936)692-0150	49326 Logan Crossing
Laura	Holmes	lholmeslr@census.gov	358-(590)414-0427	0298 Debs Parkway
Diana	Welch	dwelchls@chronoengine.com	46-(889)863-1753	217 Texas Court
Angela	Hunt	ahuntlt@nih.gov	52-(602)695-7078	12 Reinke Crossing
John	Fuller	jfullerlu@baidu.com	7-(539)883-4958	418 Gerald Avenue
Julie	Jacobs	jjacobslv@google.fr	55-(550)500-7259	54671 Gateway Court
Kathryn	Berry	kberrylw@columbia.edu	62-(697)809-3885	2 Judy Trail
Earl	Dixon	edixonlx@eventbrite.com	972-(301)648-4204	05832 Fieldstone Circle
Philip	Brooks	pbrooksly@bizjournals.com	976-(304)614-8865	535 Pawling Place
Ernest	Ryan	eryanlz@ovh.net	380-(438)195-5244	5 Londonderry Lane
Mildred	Howell	mhowellm0@bloglines.com	86-(899)986-6478	68 Barnett Junction
Brandon	Edwards	bedwardsm1@washington.edu	880-(419)371-5042	22 Forest Trail
Matthew	Howell	mhowellm2@feedburner.com	355-(375)910-1508	94 Browning Lane
Bobby	Bowman	bbowmanm3@cdc.gov	353-(286)911-5022	6 Anzinger Drive
Lawrence	Powell	lpowellm4@dropbox.com	52-(877)869-7573	3 Susan Point
Richard	Castillo	rcastillom5@amazonaws.com	62-(663)706-5728	0438 Melody Trail
Ruby	Harrison	rharrisonm6@home.pl	66-(985)559-7492	9 Bonner Trail
Samuel	Armstrong	sarmstrongm7@miitbeian.gov.cn	30-(427)137-7322	83564 Grover Trail
Alice	Robinson	arobinsonm8@twitpic.com	353-(857)724-6805	7 Eastlawn Alley
Nicole	Wells	nwellsm9@weather.com	51-(175)114-4452	804 Dunning Crossing
Todd	Duncan	tduncanma@a8.net	86-(293)893-0453	5691 Cherokee Point
Mary	Collins	mcollinsmb@behance.net	62-(632)421-7844	51 John Wall Hill
Joyce	Morris	jmorrismc@dell.com	86-(401)675-7792	5550 Esker Junction
Sarah	Fowler	sfowlermd@howstuffworks.com	62-(237)744-5144	3 Macpherson Court
Julia	Wallace	jwallaceme@forbes.com	51-(200)234-0094	7443 Eastlawn Plaza
Carol	Patterson	cpattersonmf@xrea.com	261-(344)234-7447	3494 Ronald Regan Street
Joshua	Ross	jrossmg@smugmug.com	1-(808)176-3902	4 Holmberg Circle
Joyce	Watkins			
Rose	Olson	rolsonmi@biblegateway.com	62-(468)403-1890	82686 Sullivan Avenue
Antonio	Ryan	aryanmj@redcross.org	977-(843)284-6911	0052 Oxford Hill
Alan	Kelley	akelleymk@bizjournals.com	389-(823)706-1246	4 Drewry Alley
Larry	Garcia	lgarciaml@wix.com	86-(132)156-0593	04024 Graceland Street
Jack	Mccoy	jmccoymm@booking.com	7-(673)681-6901	2 Loeprich Terrace
Irene	Peterson	ipetersonmn@admin.ch	386-(333)819-4189	72113 Lakeland Crossing
Kathleen	Kennedy			
Paula	Riley	prileymp@exblog.jp	63-(790)252-1435	20453 Vernon Way
Nicole	Jordan			
Emily	Powell	epowellmr@loc.gov	62-(936)166-0831	8175 Main Junction
Roger	Burke	rburkems@toplist.cz	54-(812)351-7950	32483 Beilfuss Crossing
Timothy	Kennedy	tkennedymt@earthlink.net	351-(767)242-6612	33820 Harbort Street
Gloria	Hicks	ghicksmu@economist.com	86-(493)358-1632	61569 Corscot Hill
Dorothy	Bryant	dbryantmv@soup.io	66-(999)351-9784	95012 Main Place
Sandra	Robinson	srobinsonmw@g.co	58-(172)292-7642	2685 Bunting Crossing
Ernest	Weaver	eweavermx@sun.com	86-(360)200-7488	13665 Hazelcrest Drive
Samuel	Morgan			
Joseph	Carpenter	jcarpentermz@hubpages.com	86-(992)384-6227	9448 Meadow Vale Plaza
Raymond	King	rkingn0@instagram.com	381-(803)726-2489	90633 Bluejay Parkway
Judith	Berry	jberryn1@wikimedia.org	66-(182)630-0742	1129 Crescent Oaks Court
Howard	Fuller	hfullern2@unc.edu	86-(750)190-1634	88 Summer Ridge Center
Tina	Parker	tparkern3@microsoft.com	967-(620)308-1356	4 Tennessee Hill
Stephanie	Fox	sfoxn4@yandex.ru	62-(543)859-6552	7733 Linden Place
Shirley	Cooper	scoopern5@un.org	351-(305)243-7171	924 Parkside Hill
Elizabeth	Hansen	ehansenn6@wisc.edu	81-(983)972-7632	714 Hollow Ridge Way
Martha	Ruiz	mruizn7@scribd.com	976-(249)477-6521	0119 Darwin Road
Joshua	Foster	jfostern8@icq.com	86-(181)513-3533	0199 Grover Place
Clarence	Frazier	cfraziern9@github.com	1-(651)482-6961	034 Brown Point
Deborah	Thompson	dthompsonna@pbs.org	46-(695)344-3237	60 Sunbrook Road
Steve	Coleman	scolemannb@google.es	55-(213)138-0922	05 Blue Bill Park Court
Maria	Hunt			
Doris	Wood	dwoodnd@sphinn.com	86-(157)914-2746	98 Vidon Way
Jerry	Owens	jowensne@prlog.org	57-(969)618-2419	4 Dawn Center
Ruth	Powell	rpowellnf@sphinn.com	86-(281)133-6179	121 Dovetail Hill
Justin	Jacobs	jjacobsng@slashdot.org	1-(720)324-8808	3 Northwestern Parkway
Shirley	James	sjamesnh@wikipedia.org	967-(609)378-4482	035 Hooker Street
Charles	Evans	cevansni@com.com	86-(802)814-2665	5 Glendale Place
Paul	Morgan	pmorgannj@cocolog-nifty.com	48-(961)251-9527	4 Old Shore Hill
Christine	Alvarez	calvareznk@hibu.com	54-(814)487-0110	4080 North Parkway
Janet	Bryant			
Elizabeth	Scott	escottnm@tumblr.com	967-(523)402-8111	42 Sauthoff Center
Billy	Ray	braynn@163.com	967-(891)270-9428	95917 Grasskamp Way
Clarence	Harvey	charveyno@123-reg.co.uk	52-(241)202-9799	3 Fordem Park
Adam	Greene			
Clarence	Coleman	ccolemannq@edublogs.org	62-(615)340-4207	1 Elmside Park
Judith	Garrett	jgarrettnr@webeden.co.uk	351-(441)606-2564	4889 Fordem Center
Sarah	Lee	sleens@telegraph.co.uk	7-(820)398-8921	08668 Russell Court
Sean	Grant	sgrantnt@census.gov	33-(379)542-9472	09763 Pierstorff Lane
Charles	Alvarez	calvareznu@bloomberg.com	62-(236)700-0956	12316 Oriole Junction
Kathryn	Martinez	kmartineznv@printfriendly.com	81-(658)150-9543	7 Lien Hill
Matthew	Mills	mmillsnw@wsj.com	49-(191)226-2926	9 Norway Maple Place
Nicholas	Larson	nlarsonnx@themeforest.net	62-(142)849-6715	6 Morningstar Terrace
Virginia	Martinez	vmartinezny@wisc.edu	964-(857)747-3210	4358 Texas Road
Ruth	Chapman	rchapmannz@nba.com	1-(281)970-5373	7916 Valley Edge Point
Christine	Rodriguez	crodriguezo0@amazon.com	967-(787)324-2359	6 Anniversary Avenue
Elizabeth	Harrison	eharrisono1@paginegialle.it	1-(636)142-5438	9 6th Parkway
Paul	Hart	pharto2@jalbum.net	7-(573)659-0221	27 Southridge Lane
Donald	Reynolds	dreynoldso3@techcrunch.com	86-(934)326-2919	9238 Haas Circle
Billy	Fernandez	bfernandezo4@squarespace.com	7-(766)222-6377	10 Bunting Road
Jack	Garrett	jgarretto5@cargocollective.com	66-(339)258-3963	3 Ohio Trail
Cynthia	Ramos	cramoso6@gravatar.com	48-(378)838-3059	32 Northridge Place
Lillian	Green	lgreeno7@livejournal.com	235-(694)296-5842	2517 Meadow Ridge Junction
Marilyn	Franklin	mfranklino8@craigslist.org	359-(590)652-7921	18101 Hollow Ridge Circle
Katherine	Bradley	kbradleyo9@jigsy.com	234-(174)464-0001	92 Homewood Avenue
Emily	Foster	efosteroa@ucoz.ru	63-(281)353-2521	701 Texas Circle
Dennis	Knight			
Ann	Andrews	aandrewsoc@flickr.com	502-(189)997-1367	8395 Prairie Rose Court
Wayne	Butler	wbutlerod@linkedin.com	353-(657)373-8809	26343 Pleasure Center
Joyce	Kim	jkimoe@digg.com	7-(348)866-4684	6755 Debra Road
Doris	Burns			
Dennis	Richardson	drichardsonog@cornell.edu	260-(973)651-2148	5919 Rutledge Terrace
Steve	Robertson			
Susan	Rose	sroseoi@answers.com	86-(670)200-4709	26 Doe Crossing Road
Arthur	Phillips	aphillipsoj@so-net.ne.jp	7-(674)535-7023	534 Bartelt Alley
Andrea	Price	apriceok@gizmodo.com	86-(518)450-7950	837 Lawn Plaza
Jeremy	Morgan			
Sandra	Ryan	sryanom@businessweek.com	62-(823)409-0185	6 Myrtle Parkway
Kenneth	Ruiz	kruizon@nba.com	62-(817)462-7646	496 Duke Center
Thomas	Welch	twelchoo@rambler.ru	86-(312)320-5078	5 Gina Circle
Martha	Banks	mbanksop@epa.gov	1-(717)219-0839	53715 Milwaukee Hill
Carlos	Mitchell	cmitchelloq@si.edu	234-(782)810-6055	00748 Harper Place
Sarah	Edwards	sedwardsor@pinterest.com	86-(439)483-2615	153 Cordelia Junction
Steve	Peterson	spetersonos@toplist.cz	33-(940)380-9735	2 Carpenter Road
Diana	Thompson	dthompsonot@berkeley.edu	62-(540)450-3030	44 Ohio Lane
Randy	Matthews	rmatthewsou@phpbb.com	1-(617)988-1890	5 Packers Plaza
Patricia	Weaver	pweaverov@hugedomains.com	30-(524)370-3752	5178 Sachtjen Drive
Linda	Perez	lperezow@tinyurl.com	855-(862)724-2380	1 Granby Trail
Justin	Franklin	jfranklinox@myspace.com	66-(148)868-0875	47675 Bartillon Hill
Rebecca	Kim	rkimoy@icq.com	52-(929)681-5138	922 Burning Wood Terrace
Debra	Howell	dhowelloz@theatlantic.com	93-(766)251-6585	32809 Sheridan Point
Ann	Ryan			
Harry	Willis	hwillisp1@hexun.com	55-(826)596-3515	19 Sauthoff Center
Jennifer	Rose			
Jack	White	jwhitep3@illinois.edu	55-(607)525-2849	32 Norway Maple Terrace
Bobby	Mcdonald	bmcdonaldp4@nih.gov	86-(342)182-2106	309 Sommers Lane
Norma	Carr	ncarrp5@ebay.co.uk	49-(444)593-9944	22370 Glendale Court
Brenda	Bishop	bbishopp6@ebay.com	66-(273)561-4360	67794 Fairview Way
Anthony	Armstrong	aarmstrongp7@tuttocitta.it	351-(941)715-9762	22754 Manley Parkway
Arthur	Webb	awebbp8@plala.or.jp	48-(326)119-5018	80673 Jenna Plaza
Chris	Holmes			
Victor	Elliott	velliottpa@youtube.com	54-(754)418-7848	23356 Charing Cross Parkway
Nicole	Nelson	nnelsonpb@tiny.cc	420-(553)411-9546	2 Brentwood Hill
Wayne	Howard	whowardpc@nymag.com	86-(312)582-0831	6978 Veith Way
Donald	Mason	dmasonpd@house.gov	216-(463)441-0069	109 Meadow Vale Junction
Willie	Miller	wmillerpe@icq.com	46-(722)510-5993	7889 Victoria Drive
Mildred	Wallace			
Gerald	Sanchez	gsanchezpg@cdc.gov	47-(529)677-6440	77 Dawn Junction
Jose	Lewis	jlewisph@nytimes.com	62-(522)774-5698	3 Lakewood Gardens Crossing
Johnny	Ray	jraypi@ucoz.ru	54-(178)261-9384	22 Eagan Way
Wanda	Stewart	wstewartpj@seesaa.net	7-(480)854-8544	94 Autumn Leaf Avenue
Earl	Simpson	esimpsonpk@google.nl	880-(228)560-8329	8 Corben Parkway
Annie	Ortiz	aortizpl@psu.edu	62-(428)604-8601	05 Talmadge Street
Johnny	Evans	jevanspm@w3.org	62-(327)943-8412	4 Magdeline Way
William	Johnson	wjohnsonpn@ucoz.com	86-(918)441-3747	3606 Coolidge Center
Amy	Russell	arussellpo@auda.org.au	57-(412)490-6332	0 Mesta Pass
Martha	Gonzales	mgonzalespp@noaa.gov	48-(652)822-7072	65 Sullivan Avenue
Rebecca	Bishop	rbishoppq@wordpress.org	86-(475)803-6069	53 Carioca Circle
Scott	Sullivan			
Jose	Patterson	jpattersonps@blogs.com	63-(906)964-7197	9711 Homewood Alley
Rachel	Perez	rperezpt@dyndns.org	1-(457)758-2847	16 2nd Point
Billy	George	bgeorgepu@go.com	86-(793)113-3462	18426 Oxford Crossing
Heather	Knight	hknightpv@army.mil	7-(248)269-1269	53 Sycamore Point
Phyllis	Arnold			
Todd	Harrison	tharrisonpx@disqus.com	93-(948)837-4188	0 Eggendart Crossing
Dorothy	Torres	dtorrespy@g.co	57-(841)921-8181	55 Pond Hill
Douglas	Bennett	dbennettpz@alibaba.com	7-(432)724-7293	06791 Rigney Drive
Tammy	Mendoza	tmendozaq0@reuters.com	351-(883)968-2250	005 Elgar Junction
Gary	Robertson	grobertsonq1@comsenz.com	856-(245)986-5963	1 Badeau Way
Anthony	Sullivan	asullivanq2@typepad.com	249-(238)225-2094	56 Mariners Cove Pass
Jesse	Perry	jperryq3@nytimes.com	54-(973)922-2142	056 Hudson Circle
Lawrence	Burns	lburnsq4@infoseek.co.jp	86-(209)117-5770	48769 Northfield Court
Sean	Porter	sporterq5@usgs.gov	48-(602)758-6012	2 Declaration Junction
Nancy	Price	npriceq6@spotify.com	86-(413)957-5502	48 Tennessee Road
Cheryl	Stone	cstoneq7@xrea.com	86-(251)565-5519	81673 Ridgeview Center
Antonio	West	awestq8@t.co	53-(928)512-6648	42 Linden Court
Steven	Fields	sfieldsq9@odnoklassniki.ru	351-(988)186-0710	61866 Tennyson Street
David	Boyd	dboydqa@imgur.com	63-(302)175-0045	9 Eastlawn Lane
Gregory	George	ggeorgeqb@indiegogo.com	86-(631)194-7470	3558 Pepper Wood Alley
Billy	Robertson	brobertsonqc@dyndns.org	46-(996)548-2368	4 Little Fleur Crossing
Brian	Lynch	blynchqd@histats.com	86-(226)425-3781	84 Thierer Circle
Teresa	Hicks	thicksqe@ibm.com	54-(132)243-5634	882 Ilene Street
Howard	Lewis			
Timothy	Long	tlongqg@cmu.edu	86-(641)416-3259	96028 Troy Avenue
Judith	Henry	jhenryqh@simplemachines.org	86-(416)401-0037	33 Laurel Road
Robert	Arnold	rarnoldqi@biblegateway.com	86-(478)177-8333	39 Corben Court
Lawrence	Burns	lburnsqj@example.com	7-(146)957-6396	27 David Circle
Amanda	Sims	asimsqk@bigcartel.com	357-(520)805-6517	23460 Michigan Junction
George	Stewart	gstewartql@liveinternet.ru	86-(821)203-0440	66 Vahlen Lane
Maria	Moore	mmooreqm@ycombinator.com	33-(264)176-1542	3 Sauthoff Place
Daniel	Meyer	dmeyerqn@nps.gov	86-(422)701-7022	4885 1st Hill
Benjamin	White	bwhiteqo@independent.co.uk	48-(530)938-4360	3728 Old Shore Junction
Samuel	Vasquez	svasquezqp@theglobeandmail.com	86-(857)251-3411	10357 Meadow Vale Parkway
Harold	Brooks	hbrooksqq@dailymail.co.uk	62-(610)415-4017	442 Lillian Terrace
Nicole	Mitchell	nmitchellqr@seesaa.net	504-(747)238-2849	598 Shasta Trail
Steve	Adams	sadamsqs@shutterfly.com	351-(652)985-5829	3769 Iowa Avenue
Richard	Knight	rknightqt@example.com	63-(825)413-7379	43 Scofield Crossing
Donald	Little	dlittlequ@godaddy.com	358-(700)450-4920	197 Holy Cross Park
Carl	Henry	chenryqv@pcworld.com	504-(940)680-6591	68 Redwing Pass
Wanda	Hernandez			
Donna	Richardson	drichardsonqx@imgur.com	420-(817)533-6709	536 Dennis Circle
Roger	Stevens	rstevensqy@wiley.com	249-(590)731-1109	10 Heffernan Lane
Jonathan	Kelley	jkelleyqz@answers.com	7-(471)436-1631	6588 Warner Center
Joseph	Cruz	jcruzr0@blog.com	66-(219)334-6197	734 Cody Hill
Gerald	Hawkins	ghawkinsr1@google.pl	33-(220)628-7610	145 Division Pass
Tammy	Chavez	tchavezr2@opera.com	7-(329)897-9805	310 Hoepker Drive
Cheryl	Smith	csmithr3@ihg.com	86-(558)483-6526	34445 Sunfield Place
Elizabeth	Alexander	ealexanderr4@senate.gov	7-(252)774-5809	95863 Caliangt Avenue
Susan	Castillo	scastillor5@squarespace.com	55-(787)531-3678	6 Autumn Leaf Circle
Keith	Henderson	khendersonr6@acquirethisname.com	86-(727)628-3960	75 Anderson Center
Adam	Jones	ajonesr7@so-net.ne.jp	598-(357)872-0805	29 Meadow Vale Center
George	Matthews	gmatthewsr8@w3.org	63-(142)991-5868	773 Becker Road
Roger	Morrison	rmorrisonr9@ted.com	380-(483)851-5091	47 Mariners Cove Lane
Mark	Robertson	mrobertsonra@nasa.gov	56-(698)665-5728	89 Debra Place
Teresa	Brooks	tbrooksrb@mac.com	1-(718)503-4501	9 Heath Point
Kevin	Mitchell	kmitchellrc@reverbnation.com	63-(339)761-9578	478 Kennedy Court
Christine	Boyd	cboydrd@jalbum.net	359-(811)856-7486	6 Eagan Park
Deborah	Morales	dmoralesre@mit.edu	55-(297)146-8300	91375 High Crossing Drive
Phyllis	Ferguson	pfergusonrf@cyberchimps.com	86-(998)860-9420	814 Hanover Road
Brian	Taylor	btaylorrg@dell.com	86-(494)961-1645	32 Hazelcrest Drive
Jesse	Welch	jwelchrh@arstechnica.com	51-(816)430-1110	23869 Dahle Terrace
Andrea	Cole	acoleri@bravesites.com	351-(443)857-7492	50 Redwing Way
Betty	Jacobs	bjacobsrj@fc2.com	66-(623)837-9092	317 Blaine Crossing
Marie	Morgan	mmorganrk@homestead.com	86-(202)546-7191	02235 Union Junction
Eugene	Parker	eparkerrl@arizona.edu	1-(936)858-0371	5289 Ronald Regan Trail
Jimmy	Butler	jbutlerrm@ftc.gov	380-(172)595-4454	26723 Old Gate Drive
Shawn	Griffin	sgriffinrn@google.com.au	86-(334)474-3510	8990 Pennsylvania Hill
William	Martinez	wmartinezro@yandex.ru	33-(224)305-7453	44370 Logan Pass
Jessica	Butler	jbutlerrp@dyndns.org	1-(215)540-8458	15193 Waywood Plaza
Matthew	Mccoy	mmccoyrq@fc2.com	86-(786)684-8062	2874 Montana Lane
Ruby	Lane	rlanerr@google.ru	504-(730)464-0682	769 Dapin Trail